{
    "vertices":[-0.493272,0.253534,-0.0426086,-0.468608,0.253534,-0.0531167,-0.493272,1.14273,-0.0426086,0.493272,0.253534,-0.0357555,-0.468608,1.14273,-0.0531167,0.468608,0.253534,-0.0531167,0.493272,1.14273,-0.0357555,0.468608,1.14273,-0.0531167,-0.493272,0.253534,0.0624727,-0.493272,1.14273,0.0624727,-0.468608,1.14273,0.0729808,0.468608,1.14273,0.0729808,0.493272,1.14273,0.0556196,0.468608,0.253534,0.0729808,0.493272,0.253534,0.0556195,-0.468608,0.253534,0.0729808],
    "uvs":[[0,0,0.999902,0.0235353,0.999902,0.979231,9.78731e-05,0.979231,9.77501e-05,0.0235352]],
    "metadata":{
        "vertices":16,
        "generator":"io_three",
        "version":3,
        "normals":16,
        "uvs":1,
        "type":"Geometry",
        "faces":20
    },
    "normals":[-0.149419,-0.664724,-0.731956,-0.666433,-0.60152,-0.440443,-0.666433,0.60152,-0.440443,-0.149419,0.664724,-0.731956,0.698721,0.616627,-0.362621,0.698721,-0.616627,-0.362621,0.230659,-0.645039,-0.728477,0.230659,0.645039,-0.728477,-0.666433,-0.60152,0.440443,-0.666433,0.60152,0.440443,0.698721,0.616627,0.362621,0.698721,-0.616627,0.362621,0.230659,-0.645039,0.728477,0.230659,0.645039,0.728477,-0.149419,0.664724,0.731956,-0.149419,-0.664724,0.731956],
    "faces":[41,1,0,2,4,0,0,0,0,0,1,2,3,41,6,3,5,7,0,0,0,0,4,5,6,7,41,5,1,4,7,0,0,0,0,6,0,3,7,41,2,0,8,9,0,0,0,0,2,1,8,9,41,3,6,12,14,0,0,0,0,5,4,10,11,41,13,11,10,15,1,2,3,4,12,13,14,15,41,9,8,15,10,0,0,0,0,9,8,15,14,40,0,1,5,0,0,0,1,0,6,40,5,3,14,0,0,0,6,5,11,40,14,13,15,0,0,0,11,12,15,40,15,8,0,0,0,0,15,8,1,40,0,5,14,0,0,0,1,6,11,40,14,15,0,0,0,0,11,15,1,41,12,11,13,14,0,0,0,0,10,13,12,11,40,6,7,4,0,0,0,4,7,3,40,4,2,9,0,0,0,3,2,9,40,9,10,11,0,0,0,9,14,13,40,11,12,6,0,0,0,13,10,4,40,6,4,9,0,0,0,4,3,9,40,9,11,6,0,0,0,9,13,4]
}