{
    "faces":[33,1,0,2,4,0,1,2,3,33,6,3,5,7,4,5,6,7,33,5,1,4,7,6,0,3,7,33,2,0,8,9,2,1,8,9,33,3,6,12,14,5,4,10,11,33,13,11,10,15,12,13,14,15,33,9,8,15,10,9,8,15,14,32,0,1,5,1,0,6,32,5,3,14,6,5,11,32,14,13,15,11,12,15,32,15,8,0,15,8,1,32,0,5,14,1,6,11,32,14,15,0,11,15,1,33,12,11,13,14,10,13,12,11,32,6,7,4,4,7,3,32,4,2,9,3,2,9,32,9,10,11,9,14,13,32,11,12,6,13,10,4,32,6,4,9,4,3,9,32,9,11,6,9,13,4],
    "normals":[-0.172979,-0.658803,-0.732109,-0.676901,-0.605731,-0.418134,-0.676901,0.605731,-0.418134,-0.172979,0.658803,-0.732109,0.707999,0.622639,-0.333232,0.707999,-0.622639,-0.333232,0.260689,-0.638234,-0.724326,0.260689,0.638234,-0.724326,-0.676901,-0.605731,0.418134,-0.676901,0.605731,0.418134,0.707999,0.622639,0.333232,0.707999,-0.622639,0.333232,0.260689,-0.638234,0.724326,0.260689,0.638234,0.724326,-0.172979,0.658803,0.732109,-0.172979,-0.658803,0.732109],
    "vertices":[-0.493272,0.275852,-0.0507993,-0.468608,0.275852,-0.0631443,-0.493272,1.12042,-0.0507993,0.493272,0.275852,-0.0427483,-0.468608,1.12042,-0.0631442,0.468608,0.275852,-0.0631443,0.493272,1.12042,-0.0427483,0.468608,1.12042,-0.0631442,-0.493272,0.275852,0.0726498,-0.493272,1.12042,0.0726498,-0.468608,1.12042,0.0849947,0.468608,1.12042,0.0849947,0.493272,1.12042,0.0645988,0.468608,0.275852,0.0849947,0.493272,0.275852,0.0645988,-0.468608,0.275852,0.0849947],
    "uvs":[],
    "metadata":{
        "version":3,
        "vertices":16,
        "type":"Geometry",
        "faces":20,
        "generator":"io_three",
        "uvs":0,
        "normals":16
    }
}