{
    "faces":[40,0,3,2,0,1,2,0,1,2,40,3,4,2,1,3,2,1,3,2,40,4,5,2,3,4,2,3,4,2,40,5,1,2,4,5,2,4,5,2,41,18,20,9,14,6,7,8,9,6,7,8,9,40,7,10,11,10,11,12,10,11,12,40,11,10,12,12,11,13,12,11,13,40,12,10,13,13,11,14,13,11,14,40,13,10,8,14,11,15,14,11,15,41,6,9,2,1,16,8,2,5,16,8,2,5,40,14,9,15,9,8,17,9,8,17,40,15,9,16,17,8,18,17,8,18,40,16,9,17,18,8,19,18,8,19,40,17,9,6,19,8,16,19,8,16,41,7,0,2,10,10,0,2,11,10,0,2,11,41,19,8,10,20,20,15,11,7,20,15,11,7,40,18,21,20,6,21,7,6,21,7,40,21,22,20,21,22,7,21,22,7,40,22,23,20,22,23,7,22,23,7,40,23,19,20,23,20,7,23,20,7,41,10,2,9,20,11,2,8,7,11,2,8,7,41,14,15,42,38,24,25,26,27,9,17,24,25,41,7,11,39,37,28,29,30,31,10,12,26,27,41,3,0,33,34,32,33,34,35,1,0,28,29,41,18,14,38,29,36,24,27,37,6,9,25,30,41,0,7,37,33,33,28,31,34,0,10,27,28,41,22,21,45,46,38,39,40,41,22,21,31,32,41,17,6,25,44,42,43,44,45,19,16,33,34,41,13,8,31,41,46,47,48,49,14,15,35,36,41,1,5,36,24,50,51,52,53,5,4,37,38,41,21,18,29,45,39,36,37,40,21,6,30,31,41,19,23,47,28,54,55,56,57,20,23,39,40,41,6,1,24,25,43,50,53,44,16,5,38,33,41,16,17,44,43,58,42,45,59,18,19,34,41,41,12,13,41,40,60,46,49,61,13,14,36,42,41,5,4,35,36,51,62,63,52,4,3,43,37,41,8,19,28,31,47,54,57,48,15,20,40,35,41,15,16,43,42,25,64,65,26,17,18,41,24,41,11,12,40,39,29,66,67,30,12,13,42,26,41,4,3,34,35,68,32,35,69,3,1,29,43,41,23,22,46,47,55,70,71,56,23,22,32,39,41,30,27,26,32,72,73,74,75,44,45,46,47,40,33,32,34,76,75,77,28,47,29,40,34,32,35,77,75,78,29,47,43,40,35,32,36,78,75,79,43,47,37,40,36,32,24,79,75,80,37,47,38,41,29,38,26,27,81,82,74,73,30,25,46,45,40,37,39,30,83,84,72,27,26,44,40,39,40,30,84,85,72,26,42,44,40,40,41,30,85,86,72,42,36,44,40,41,31,30,86,87,72,36,35,44,41,25,24,32,26,88,80,75,74,33,38,47,46,40,38,42,26,82,89,74,25,24,46,40,42,43,26,89,90,74,24,41,46,40,43,44,26,90,91,74,41,34,46,40,44,25,26,91,88,74,34,33,46,41,37,30,32,33,83,72,75,76,27,44,47,28,41,28,27,30,31,92,73,72,87,40,45,44,35,40,29,27,45,81,73,93,30,45,31,40,45,27,46,93,73,94,31,45,32,40,46,27,47,94,73,95,32,45,39,40,47,27,28,95,73,92,39,45,40],
    "normals":[-0.0808435,-0.832575,-0.547929,-0.323557,-0.781182,-0.53383,-0.152715,-0.152715,-0.976379,-0.597888,-0.597888,-0.53383,-0.781182,-0.323588,-0.53383,-0.832575,-0.0808435,-0.547929,0.0808435,0.832575,-0.547929,0.152715,0.152715,-0.976379,-0.152715,0.152715,-0.976379,-0.0808435,0.832575,-0.547929,0.0808435,-0.832575,-0.547929,0.152715,-0.152715,-0.976379,0.323557,-0.781182,-0.53383,0.597888,-0.597888,-0.53383,0.781182,-0.323588,-0.53383,0.832575,-0.0808435,-0.547929,-0.832575,0.0808435,-0.547929,-0.323557,0.781182,-0.53383,-0.597888,0.597888,-0.53383,-0.781182,0.323557,-0.53383,0.832575,0.0808435,-0.547929,0.323557,0.781182,-0.53383,0.597888,0.597888,-0.53383,0.781182,0.323557,-0.53383,-0.323588,0.781182,0.53383,-0.0808435,0.832575,0.547929,0.323557,-0.781182,0.53383,0.0808435,-0.832575,0.547929,-0.0808435,-0.832575,0.547929,-0.323557,-0.781182,0.53383,0.0808435,0.832575,0.547929,0.323588,0.781182,0.53383,0.597888,0.597888,0.53383,-0.832575,0.0808435,0.547929,-0.781182,0.323557,0.53383,0.832575,-0.0808435,0.547929,0.781182,-0.323588,0.53383,-0.781182,-0.323588,0.53383,-0.832575,-0.0808435,0.547929,0.781182,0.323557,0.53383,0.832575,0.0808435,0.547929,-0.597888,0.597888,0.53383,0.597888,-0.597888,0.53383,-0.597888,-0.597888,0.53383,0.152715,-0.152715,0.976379,0.152715,0.152715,0.976379,-0.152715,0.152715,0.976379,-0.152715,-0.152715,0.976379],
    "vertices":[-0.456,0.218135,-0.036587,-0.48,0.242135,-0.036587,-0.456,0.242135,-0.045937,-0.465184,0.219961,-0.036587,-0.472971,0.225164,-0.036587,-0.478173,0.23295,-0.036587,-0.48,1.15413,-0.036587,0.456,0.218135,-0.036587,0.48,0.242135,-0.036587,-0.456,1.15413,-0.045937,0.456,0.242135,-0.045937,0.465184,0.219961,-0.036587,0.472971,0.225164,-0.036587,0.478173,0.23295,-0.036587,-0.456,1.17813,-0.036587,-0.465184,1.17631,-0.036587,-0.472971,1.17111,-0.036587,-0.478173,1.16332,-0.036587,0.456,1.17813,-0.036587,0.48,1.15413,-0.036587,0.456,1.15413,-0.045937,0.465184,1.17631,-0.036587,0.472971,1.17111,-0.036587,0.478173,1.16332,-0.036587,-0.48,0.242135,0.056913,-0.48,1.15413,0.056913,-0.456,1.15413,0.066263,0.456,1.15413,0.066263,0.48,1.15413,0.056913,0.456,1.17813,0.056913,0.456,0.242135,0.066263,0.48,0.242135,0.056913,-0.456,0.242135,0.066263,-0.456,0.218134,0.056913,-0.465184,0.219961,0.056913,-0.472971,0.225164,0.056913,-0.478173,0.23295,0.056913,0.456,0.218134,0.056913,-0.456,1.17813,0.056913,0.465184,0.219961,0.056913,0.472971,0.225164,0.056913,0.478173,0.23295,0.056913,-0.465184,1.17631,0.056913,-0.472971,1.17111,0.056913,-0.478173,1.16332,0.056913,0.465184,1.17631,0.056913,0.472971,1.17111,0.056913,0.478173,1.16332,0.056913],
    "uvs":[[0.500193,0.013474,0.501288,0.00856281,0.513604,0.0138846,0.504114,0.00440002,0.508275,0.00157105,0.513186,0.000473737,0.997764,0.485018,0.984604,0.484605,0.986505,0.0134629,0.999807,0.0130849,0.500193,0.487224,0.513463,0.486786,0.501282,0.492087,0.504089,0.496209,0.508219,0.499007,0.513093,0.500087,0.986935,0.000193317,0.998724,0.00821156,0.995922,0.00408291,0.991799,0.00127913,0.985025,0.497765,0.996689,0.489832,0.993917,0.493913,0.989839,0.496687,0.00989142,0.588953,0.00504238,0.588953,0.00504241,0.544938,0.00989143,0.544938,0.482144,0.500537,0.486993,0.500537,0.486993,0.544552,0.482144,0.544552,0.00504235,0.500537,0.00989142,0.500537,0.00989139,0.544552,0.00504238,0.544552,0.482144,0.588953,0.482144,0.544938,0.491842,0.588953,0.486993,0.588953,0.486993,0.544938,0.491842,0.544938,0.500194,0.987273,0.500194,0.982424,0.544209,0.982424,0.544209,0.987273,0.58861,0.505323,0.58861,0.510172,0.544596,0.510172,0.544596,0.505323,0.500193,0.510172,0.500193,0.505323,0.544208,0.505323,0.544208,0.510172,0.58861,0.982424,0.58861,0.987273,0.544595,0.987273,0.544595,0.982424,0.500194,0.992122,0.544209,0.992122,0.58861,0.500474,0.544596,0.500474,0.500193,0.500474,0.544208,0.500474,0.000193317,0.588953,0.00019339,0.544938,0.491842,0.500537,0.491842,0.544552,0.000193317,0.500537,0.000193346,0.544552,0.58861,0.992122,0.544595,0.992122,0.486505,0.013463,0.484666,0.484605,0.0135257,0.486848,0.0136041,0.0139476,0.0131837,0.000536799,0.00827331,0.00163473,0.00411263,0.00446427,0.00128683,0.00862745,0.000193317,0.0135388,0.485089,0.497766,0.0131573,0.50015,0.486933,0.000193317,0.491797,0.00127852,0.495921,0.00408174,0.498723,0.00821002,0.499807,0.0130833,0.000255966,0.487288,0.00828324,0.499071,0.00415248,0.496273,0.00134553,0.492151,0.497827,0.485017,0.489903,0.496686,0.493981,0.493912,0.496752,0.489831]],
    "metadata":{
        "version":3,
        "vertices":48,
        "type":"Geometry",
        "faces":62,
        "generator":"io_three",
        "uvs":1,
        "normals":48
    }
}